<?xml version="1.0" encoding="UTF-8"?>
<project-private xmlns="http://www.netbeans.org/ns/project-private/1">
    <editor-bookmarks xmlns="http://www.netbeans.org/ns/editor-bookmarks/2" lastBookmarkId="0"/>
    <open-files xmlns="http://www.netbeans.org/ns/projectui-open-files/2">
        <group name="Group 20230618-12:50:18">
            <file>file:/C:/Users/Harini%20Mohan/OneDrive/Documents/IMS%20F/src/MainFiles/Searchproduct.java</file>
            <file>file:/C:/Users/Harini%20Mohan/OneDrive/Documents/IMS%20F/src/MainFiles/Homes.java</file>
            <file>file:/C:/Users/Harini%20Mohan/OneDrive/Documents/IMS%20F/src/MainFiles/Purchase.java</file>
            <file>file:/C:/Users/Harini%20Mohan/OneDrive/Documents/IMS%20F/src/MainFiles/addproduct.java</file>
            <file>file:/C:/Users/Harini%20Mohan/OneDrive/Documents/IMS%20F/src/MainFiles/bill.java</file>
        </group>
        <group/>
    </open-files>
</project-private>
